B/lambda,V2,sigma_V2,U(meters),V(meters),Bracket,Instrument
135912844.7,0.277973986,0.021346684,107.5649641,-7.792296497,1,PAVO
137262113.1,0.260997222,0.018849258,107.5649641,-7.792296497,1,PAVO
138638439.7,0.243251402,0.018732685,107.5649641,-7.792296497,1,PAVO
139951780.8,0.242389161,0.018513457,107.5649641,-7.792296497,1,PAVO
141290242.7,0.252474134,0.019024473,107.5649641,-7.792296497,1,PAVO
142579114.6,0.238474689,0.021308567,107.5649641,-7.792296497,1,PAVO
143872521.7,0.247884599,0.025251593,107.5649641,-7.792296497,1,PAVO
145189610,0.232689999,0.020467371,107.5649641,-7.792296497,1,PAVO
146531035.7,0.230220907,0.023951778,107.5649641,-7.792296497,1,PAVO
147897479.8,0.214730761,0.018294703,107.5649641,-7.792296497,1,PAVO
149310317.4,0.207738822,0.020513629,107.5649641,-7.792296497,1,PAVO
150645121.2,0.186841751,0.020629915,107.5649641,-7.792296497,1,PAVO
152004006,0.195929531,0.02061798,107.5649641,-7.792296497,1,PAVO
153300415.5,0.200342782,0.023852732,107.5649641,-7.792296497,1,PAVO
154574806.2,0.174844314,0.024545639,107.5649641,-7.792296497,1,PAVO
155893093.8,0.160776134,0.021053181,107.5649641,-7.792296497,1,PAVO
157211140.3,0.171441348,0.016961864,107.5649641,-7.792296497,1,PAVO
158505059.2,0.16856872,0.015940901,107.5649641,-7.792296497,1,PAVO
159773099.7,0.159731967,0.01662933,107.5649641,-7.792296497,1,PAVO
161037542.6,0.163873425,0.020420315,107.5649641,-7.792296497,1,PAVO
162346593.8,0.181688141,0.026142258,107.5649641,-7.792296497,1,PAVO
163652264.5,0.169654927,0.022670276,107.5649641,-7.792296497,1,PAVO
165004348.6,0.155256101,0.019692325,107.5649641,-7.792296497,1,PAVO
135596629.2,0.27312672,0.022614235,107.5900338,-1.125951643,2,PAVO
136942758.4,0.271411208,0.020165632,107.5900338,-1.125951643,2,PAVO
138315882.9,0.270474485,0.017657437,107.5900338,-1.125951643,2,PAVO
139626168.3,0.253350824,0.01922732,107.5900338,-1.125951643,2,PAVO
140961516.2,0.241987022,0.019248865,107.5900338,-1.125951643,2,PAVO
142247389.3,0.229099195,0.022427024,107.5900338,-1.125951643,2,PAVO
143537787.2,0.229390887,0.023223374,107.5900338,-1.125951643,2,PAVO
144851811.1,0.213998425,0.020131797,107.5900338,-1.125951643,2,PAVO
146190115.9,0.21739887,0.021556484,107.5900338,-1.125951643,2,PAVO
147553380.8,0.204890505,0.016327979,107.5900338,-1.125951643,2,PAVO
148962931.3,0.20164868,0.021562933,107.5900338,-1.125951643,2,PAVO
150294629.5,0.19972265,0.022135732,107.5900338,-1.125951643,2,PAVO
151650352.8,0.186036101,0.01865458,107.5900338,-1.125951643,2,PAVO
152943746,0.170156377,0.02312065,107.5900338,-1.125951643,2,PAVO
154215171.7,0.173291651,0.023278894,107.5900338,-1.125951643,2,PAVO
155530392.1,0.158122952,0.021242724,107.5900338,-1.125951643,2,PAVO
156845372.1,0.171946959,0.016551998,107.5900338,-1.125951643,2,PAVO
158136280.5,0.161741684,0.01724928,107.5900338,-1.125951643,2,PAVO
159401370.8,0.175152665,0.018247994,107.5900338,-1.125951643,2,PAVO
160662871.9,0.167123856,0.02151683,107.5900338,-1.125951643,2,PAVO
161968877.4,0.15614761,0.024163212,107.5900338,-1.125951643,2,PAVO
163271510.3,0.121697507,0.020068348,107.5900338,-1.125951643,2,PAVO
164620448.7,0.121509689,0.019549918,107.5900338,-1.125951643,2,PAVO
135091041.6,0.263342943,0.020669258,107.0665671,5.240498102,3,PAVO
136432151.6,0.245962007,0.021027453,107.0665671,5.240498102,3,PAVO
137800156.2,0.233773455,0.020907715,107.0665671,5.240498102,3,PAVO
139105556.1,0.245119378,0.026462388,107.0665671,5.240498102,3,PAVO
140435925,0.263086021,0.027344051,107.0665671,5.240498102,3,PAVO
141717003.6,0.228110407,0.023993487,107.0665671,5.240498102,3,PAVO
143002590.1,0.211280518,0.023848103,107.0665671,5.240498102,3,PAVO
144311714.5,0.182259592,0.024254385,107.0665671,5.240498102,3,PAVO
145645029.2,0.20271173,0.024074155,107.0665671,5.240498102,3,PAVO
147003211.1,0.17961314,0.019751946,107.0665671,5.240498102,3,PAVO
148407505.9,0.194890448,0.021521768,107.0665671,5.240498102,3,PAVO
149734238.8,0.189817545,0.028614936,107.0665671,5.240498102,3,PAVO
151084907,0.172012495,0.026948227,107.0665671,5.240498102,3,PAVO
152373477.6,0.179886074,0.02884246,107.0665671,5.240498102,3,PAVO
153640162.7,0.174329314,0.03314881,107.0665671,5.240498102,3,PAVO
154950479.2,0.179742974,0.027328136,107.0665671,5.240498102,3,PAVO
156260556.2,0.135916375,0.021178413,107.0665671,5.240498102,3,PAVO
157546651.3,0.130575003,0.019589389,107.0665671,5.240498102,3,PAVO
158807024.5,0.125442063,0.021640385,107.0665671,5.240498102,3,PAVO
160063821.9,0.116865239,0.020836849,107.0665671,5.240498102,3,PAVO
161364957.9,0.139627642,0.02341235,107.0665671,5.240498102,3,PAVO
162662733.7,0.105387872,0.024762799,107.0665671,5.240498102,3,PAVO
164006642.5,0.132958034,0.027012035,107.0665671,5.240498102,3,PAVO
134054970.8,0.268098351,0.020058004,105.4367974,14.07891642,4,PAVO
135385795.2,0.263906946,0.019127354,105.4367974,14.07891642,4,PAVO
136743308,0.256067919,0.019980131,105.4367974,14.07891642,4,PAVO
138038696.2,0.261240147,0.024461862,105.4367974,14.07891642,4,PAVO
139358861.9,0.260871486,0.022483722,105.4367974,14.07891642,4,PAVO
140630115.4,0.236144965,0.019535563,105.4367974,14.07891642,4,PAVO
141905842.2,0.240167097,0.023902158,105.4367974,14.07891642,4,PAVO
143204926.4,0.206087783,0.02341187,105.4367974,14.07891642,4,PAVO
144528015.4,0.182879813,0.022830167,105.4367974,14.07891642,4,PAVO
145875780.7,0.205302263,0.020024362,105.4367974,14.07891642,4,PAVO
147269305.4,0.187952511,0.017701849,105.4367974,14.07891642,4,PAVO
148585863,0.199889019,0.023621169,105.4367974,14.07891642,4,PAVO
149926172.4,0.211171742,0.021176651,105.4367974,14.07891642,4,PAVO
151204860.4,0.200512993,0.024025815,105.4367974,14.07891642,4,PAVO
152461830.8,0.187310646,0.028624878,105.4367974,14.07891642,4,PAVO
153762097.9,0.162828416,0.024813948,105.4367974,14.07891642,4,PAVO
155062127.3,0.176550735,0.022670196,105.4367974,14.07891642,4,PAVO
156338358.8,0.162981434,0.019309068,105.4367974,14.07891642,4,PAVO
157589065.7,0.16710277,0.023991815,105.4367974,14.07891642,4,PAVO
158836224.2,0.158915078,0.022861827,105.4367974,14.07891642,4,PAVO
160127381.2,0.144384048,0.020459223,105.4367974,14.07891642,4,PAVO
161415203.8,0.118807775,0.022046114,105.4367974,14.07891642,4,PAVO
162748805.6,0.12934354,0.025072515,105.4367974,14.07891642,4,PAVO
135307046.8,0.301406148,0.022868878,107.329171,2.817344722,5,PAVO
136650301.2,0.297970458,0.024086762,107.329171,2.817344722,5,PAVO
138020493.2,0.294065003,0.019843852,107.329171,2.817344722,5,PAVO
139327980.3,0.303540849,0.031768131,107.329171,2.817344722,5,PAVO
140660476.4,0.28011956,0.024578522,107.329171,2.817344722,5,PAVO
141943603.4,0.295232356,0.025988353,107.329171,2.817344722,5,PAVO
143231245.5,0.254199882,0.023174975,107.329171,2.817344722,5,PAVO
144542463.2,0.248364106,0.021343502,107.329171,2.817344722,5,PAVO
145877909.8,0.227378073,0.016988923,107.329171,2.817344722,5,PAVO
147238263.4,0.227555407,0.018609092,107.329171,2.817344722,5,PAVO
148644803.6,0.227110042,0.017342948,107.329171,2.817344722,5,PAVO
149973657.8,0.219737936,0.0189911,107.329171,2.817344722,5,PAVO
151326485.8,0.212666532,0.020580862,107.329171,2.817344722,5,PAVO
152617116.8,0.192619251,0.022904531,107.329171,2.817344722,5,PAVO
153885827.2,0.192030585,0.024584036,107.329171,2.817344722,5,PAVO
155198238.9,0.175816598,0.02015203,107.329171,2.817344722,5,PAVO
156510410.6,0.176287154,0.016090582,107.329171,2.817344722,5,PAVO
157798562.1,0.173383634,0.017123277,107.329171,2.817344722,5,PAVO
159060950.6,0.160303072,0.019980272,107.329171,2.817344722,5,PAVO
160319757.6,0.170029134,0.019162685,107.329171,2.817344722,5,PAVO
161622974,0.170446103,0.022196454,107.329171,2.817344722,5,PAVO
162922825,0.175256573,0.022391915,107.329171,2.817344722,5,PAVO
164268882.6,0.164001882,0.023030403,107.329171,2.817344722,5,PAVO
134594752.5,0.295544697,0.031836369,106.3419526,9.890858208,6,PAVO
135930935.6,0.271649623,0.030381296,106.3419526,9.890858208,6,PAVO
137293914.5,0.283486136,0.025641149,106.3419526,9.890858208,6,PAVO
138594518.7,0.277274916,0.036961549,106.3419526,9.890858208,6,PAVO
139920000.1,0.274490635,0.031841843,106.3419526,9.890858208,6,PAVO
141196372.4,0.289265265,0.032002127,106.3419526,9.890858208,6,PAVO
142477236,0.223355065,0.028581441,106.3419526,9.890858208,6,PAVO
143781551,0.20465829,0.026541517,106.3419526,9.890858208,6,PAVO
145109967.5,0.196225493,0.02260694,106.3419526,9.890858208,6,PAVO
146463159.8,0.226134292,0.023524112,106.3419526,9.890858208,6,PAVO
147862295.6,0.223532568,0.024486809,106.3419526,9.890858208,6,PAVO
149184154.3,0.199153718,0.028298992,106.3419526,9.890858208,6,PAVO
150529860.6,0.214136833,0.030089765,106.3419526,9.890858208,6,PAVO
151813697.4,0.236659945,0.0307878,106.3419526,9.890858208,6,PAVO
153075729,0.186621538,0.03276574,106.3419526,9.890858208,6,PAVO
154381231.7,0.199842604,0.030503615,106.3419526,9.890858208,6,PAVO
155686495.8,0.190847749,0.025031324,106.3419526,9.890858208,6,PAVO
156967866.1,0.159261764,0.024809125,106.3419526,9.890858208,6,PAVO
158223609,0.131443515,0.024787403,106.3419526,9.890858208,6,PAVO
159475789.3,0.12942309,0.02530654,106.3419526,9.890858208,6,PAVO
160772145.3,0.164638975,0.03057343,106.3419526,9.890858208,6,PAVO
162065153.4,0.151877841,0.031842296,106.3419526,9.890858208,6,PAVO
163404125,0.138736274,0.02912562,106.3419526,9.890858208,6,PAVO
133770938.6,0.282934249,0.026709254,104.9275879,16.04486867,7,PAVO
135098943.3,0.299579283,0.034346918,104.9275879,16.04486867,7,PAVO
136453579.9,0.286802901,0.025756635,104.9275879,16.04486867,7,PAVO
137746223.4,0.292389613,0.021938988,104.9275879,16.04486867,7,PAVO
139063592,0.281782641,0.025406859,104.9275879,16.04486867,7,PAVO
140332152,0.286341996,0.028612335,104.9275879,16.04486867,7,PAVO
141605175.8,0.240528745,0.028368781,104.9275879,16.04486867,7,PAVO
142901507.5,0.248750176,0.023154662,104.9275879,16.04486867,7,PAVO
144221793.2,0.235133442,0.020535203,104.9275879,16.04486867,7,PAVO
145566702.9,0.227424584,0.018414273,104.9275879,16.04486867,7,PAVO
146957275,0.251540527,0.022611804,104.9275879,16.04486867,7,PAVO
148271043.1,0.223205374,0.024031583,104.9275879,16.04486867,7,PAVO
149608512.7,0.194063151,0.022283405,104.9275879,16.04486867,7,PAVO
150884491.5,0.19651873,0.027024547,104.9275879,16.04486867,7,PAVO
152138798.6,0.199749256,0.030770925,104.9275879,16.04486867,7,PAVO
153436310.7,0.193865972,0.025676529,104.9275879,16.04486867,7,PAVO
154733585.7,0.195452856,0.023640476,104.9275879,16.04486867,7,PAVO
156007113.1,0.171182594,0.020372982,104.9275879,16.04486867,7,PAVO
157255170,0.166160121,0.020924621,104.9275879,16.04486867,7,PAVO
158499686.1,0.169763438,0.024358579,104.9275879,16.04486867,7,PAVO
159788107.4,0.208176979,0.030318332,104.9275879,16.04486867,7,PAVO
161073201.5,0.168717804,0.028442578,104.9275879,16.04486867,7,PAVO
162403977.6,0.15171235,0.024985181,104.9275879,16.04486867,7,PAVO
180762789.1,0.074552323,0.011255943,143.2216847,7.824743284,8,PAVO
182557303.2,0.066770507,0.010262649,143.2216847,7.824743284,8,PAVO
184387804.5,0.056753056,0.011312712,143.2216847,7.824743284,8,PAVO
186134535.6,0.062533981,0.012521273,143.2216847,7.824743284,8,PAVO
187914677.3,0.061554303,0.013296038,143.2216847,7.824743284,8,PAVO
189628864.5,0.055866164,0.011157356,143.2216847,7.824743284,8,PAVO
191349083.7,0.040824297,0.010264299,143.2216847,7.824743284,8,PAVO
193100798.5,0.044327307,0.009935212,143.2216847,7.824743284,8,PAVO
194884882,0.039964438,0.009033224,143.2216847,7.824743284,8,PAVO
196702239.6,0.038120813,0.009602164,143.2216847,7.824743284,8,PAVO
198581300.2,0.036256936,0.009356738,143.2216847,7.824743284,8,PAVO
200356576.5,0.029618351,0.008230919,143.2216847,7.824743284,8,PAVO
202163880.4,0.027863045,0.007280319,143.2216847,7.824743284,8,PAVO
203888092.6,0.026614549,0.006482417,143.2216847,7.824743284,8,PAVO
205583020.1,0.022900789,0.006414741,143.2216847,7.824743284,8,PAVO
207336330.1,0.030948821,0.007949157,143.2216847,7.824743284,8,PAVO
209089319.5,0.023389131,0.0086284,143.2216847,7.824743284,8,PAVO
210810219.2,0.016759237,0.009469433,143.2216847,7.824743284,8,PAVO
212496701,0.019625549,0.009533367,143.2216847,7.824743284,8,PAVO
214178398,0.018976604,0.009458979,143.2216847,7.824743284,8,PAVO
215919423.7,0.01607926,0.010191655,143.2216847,7.824743284,8,PAVO
217655953.2,0.013778766,0.009791868,143.2216847,7.824743284,8,PAVO
219454212.3,0.007663455,0.00912607,143.2216847,7.824743284,8,PAVO
130955238.5,0.285388995,0.025828496,-99.18440475,-30.98970203,9,PAVO
132255290.5,0.272119673,0.024890454,-99.18440475,-30.98970203,9,PAVO
133581413.8,0.256375849,0.026588143,-99.18440475,-30.98970203,9,PAVO
134846848.9,0.24316926,0.023700929,-99.18440475,-30.98970203,9,PAVO
136136488.6,0.282038263,0.027441802,-99.18440475,-30.98970203,9,PAVO
137378347.1,0.303362389,0.027950792,-99.18440475,-30.98970203,9,PAVO
138624575.5,0.286816141,0.029921282,-99.18440475,-30.98970203,9,PAVO
139893621.1,0.250909339,0.024423749,-99.18440475,-30.98970203,9,PAVO
141186116.5,0.246478379,0.027797326,-99.18440475,-30.98970203,9,PAVO
142502717.7,0.22912539,0.028283862,-99.18440475,-30.98970203,9,PAVO
143864020.2,0.21512441,0.023559788,-99.18440475,-30.98970203,9,PAVO
145150135.2,0.200421785,0.022330356,-99.18440475,-30.98970203,9,PAVO
146459452.8,0.172264534,0.021907655,-99.18440475,-30.98970203,9,PAVO
147708573.9,0.179334042,0.022767449,-99.18440475,-30.98970203,9,PAVO
148936479.5,0.19436578,0.024562723,-99.18440475,-30.98970203,9,PAVO
150206680.8,0.227747804,0.022929595,-99.18440475,-30.98970203,9,PAVO
151476649.8,0.193412339,0.018954017,-99.18440475,-30.98970203,9,PAVO
152723371.2,0.185678384,0.020451122,-99.18440475,-30.98970203,9,PAVO
153945158.2,0.176147152,0.019203818,-99.18440475,-30.98970203,9,PAVO
155163478.8,0.162566047,0.020086101,-99.18440475,-30.98970203,9,PAVO
156424780.6,0.136372142,0.018429022,-99.18440475,-30.98970203,9,PAVO
157682825.1,0.13672311,0.021240781,-99.18440475,-30.98970203,9,PAVO
158985590.2,0.160929918,0.020393001,-99.18440475,-30.98970203,9,PAVO
183560121.5,0.07243606,0.010471608,144.7498031,16.212983,10,PAVO
185382406,0.073874383,0.010138232,144.7498031,16.212983,10,PAVO
187241234.6,0.063748972,0.01198911,144.7498031,16.212983,10,PAVO
189014996.6,0.057089121,0.011590327,144.7498031,16.212983,10,PAVO
190822686.3,0.044564325,0.013549004,144.7498031,16.212983,10,PAVO
192563400.9,0.04155401,0.011987424,144.7498031,16.212983,10,PAVO
194310240.7,0.033191045,0.011195482,144.7498031,16.212983,10,PAVO
196089063.6,0.036327362,0.009259013,144.7498031,16.212983,10,PAVO
197900756,0.04215325,0.008314236,144.7498031,16.212983,10,PAVO
199746237.5,0.052459307,0.009661997,144.7498031,16.212983,10,PAVO
201654376.9,0.042078196,0.009275955,144.7498031,16.212983,10,PAVO
203457125.9,0.032901171,0.007762855,144.7498031,16.212983,10,PAVO
205292398,0.022480053,0.008273533,144.7498031,16.212983,10,PAVO
207043292.7,0.018670233,0.007250023,144.7498031,16.212983,10,PAVO
208764449.5,0.023659178,0.007668302,144.7498031,16.212983,10,PAVO
210544892.2,0.015608503,0.006896199,144.7498031,16.212983,10,PAVO
212325009.4,0.025317524,0.008024709,144.7498031,16.212983,10,PAVO
214072540.3,0.022493419,0.008775559,144.7498031,16.212983,10,PAVO
215785120.6,0.017840617,0.009379896,144.7498031,16.212983,10,PAVO
217492842.2,0.012396596,0.009116395,144.7498031,16.212983,10,PAVO
219260810.5,0.014706594,0.010173734,144.7498031,16.212983,10,PAVO
221024213.1,0.011936194,0.010559783,144.7498031,16.212983,10,PAVO
222850300.5,0.007564123,0.009679469,144.7498031,16.212983,10,PAVO
129947162.3,0.374332895,0.035070656,-96.92058687,-35.19525135,11,PAVO
131237206.6,0.369669956,0.033942862,-96.92058687,-35.19525135,11,PAVO
132553121.6,0.320538797,0.028732277,-96.92058687,-35.19525135,11,PAVO
133808815.5,0.264243593,0.030674918,-96.92058687,-35.19525135,11,PAVO
135088527.8,0.307710837,0.033952697,-96.92058687,-35.19525135,11,PAVO
136320826.6,0.343201256,0.036649706,-96.92058687,-35.19525135,11,PAVO
137557461.7,0.291683548,0.036103306,-96.92058687,-35.19525135,11,PAVO
138816738.4,0.309342151,0.03168563,-96.92058687,-35.19525135,11,PAVO
140099284.3,0.286305537,0.031519291,-96.92058687,-35.19525135,11,PAVO
141405750.5,0.233952275,0.03236756,-96.92058687,-35.19525135,11,PAVO
142756573.8,0.271734815,0.029630606,-96.92058687,-35.19525135,11,PAVO
144032788.5,0.259692103,0.027965204,-96.92058687,-35.19525135,11,PAVO
145332027.1,0.251703763,0.025938835,-96.92058687,-35.19525135,11,PAVO
146571532.7,0.236096843,0.02473787,-96.92058687,-35.19525135,11,PAVO
147789986,0.223104605,0.027847136,-96.92058687,-35.19525135,11,PAVO
149050409.4,0.220652886,0.023033339,-96.92058687,-35.19525135,11,PAVO
150310602.4,0.233368039,0.020722724,-96.92058687,-35.19525135,11,PAVO
151547726.7,0.21735075,0.020140154,-96.92058687,-35.19525135,11,PAVO
152760108.5,0.224357218,0.018709918,-96.92058687,-35.19525135,11,PAVO
153969050.7,0.244709881,0.024155628,-96.92058687,-35.19525135,11,PAVO
155220643.2,0.199030832,0.022770666,-96.92058687,-35.19525135,11,PAVO
156469003.4,0.184254144,0.023831908,-96.92058687,-35.19525135,11,PAVO
157761740,0.165413494,0.024431283,-96.92058687,-35.19525135,11,PAVO
185932520,0.054951919,0.01060217,145.5507354,24.13056014,12,PAVO
187778356.4,0.073125856,0.011289045,145.5507354,24.13056014,12,PAVO
189661209.1,0.06563888,0.01222634,145.5507354,24.13056014,12,PAVO
191457895.9,0.064385219,0.013306391,145.5507354,24.13056014,12,PAVO
193288948.8,0.045595981,0.012567876,145.5507354,24.13056014,12,PAVO
195052161,0.04941646,0.011890059,145.5507354,24.13056014,12,PAVO
196821577.6,0.040091079,0.009028361,145.5507354,24.13056014,12,PAVO
198623390.7,0.032065225,0.009064278,145.5507354,24.13056014,12,PAVO
200458498.1,0.049499265,0.008773605,145.5507354,24.13056014,12,PAVO
202327831.3,0.040139587,0.009398976,145.5507354,24.13056014,12,PAVO
204260632.1,0.035224848,0.009440878,145.5507354,24.13056014,12,PAVO
206086680.5,0.024269649,0.008435046,145.5507354,24.13056014,12,PAVO
207945672.4,0.022477156,0.008106652,145.5507354,24.13056014,12,PAVO
209719196.3,0.014468205,0.006926075,145.5507354,24.13056014,12,PAVO
211462598,0.014226074,0.006798638,145.5507354,24.13056014,12,PAVO
213266051.7,0.007077425,0.007455004,145.5507354,24.13056014,12,PAVO
215069175.8,0.011522361,0.008900495,145.5507354,24.13056014,12,PAVO
216839292.5,0.011208283,0.008802329,145.5507354,24.13056014,12,PAVO
218574006.8,0.020610551,0.010415764,145.5507354,24.13056014,12,PAVO
220303799.6,0.018973378,0.011279271,145.5507354,24.13056014,12,PAVO
222094617.8,0.014150009,0.010799148,145.5507354,24.13056014,12,PAVO
223880811.2,0.007997902,0.010129775,145.5507354,24.13056014,12,PAVO
225730499.7,0.015503516,0.009305532,145.5507354,24.13056014,12,PAVO
187486868.9,0.096146231,0.026813811,145.7480127,29.8375066,13,PAVO
189348136,0.081622671,0.022051955,145.7480127,29.8375066,13,PAVO
191246729,0.07979416,0.024237739,145.7480127,29.8375066,13,PAVO
193058435.6,0.07294269,0.023820081,145.7480127,29.8375066,13,PAVO
194904795.6,0.072943012,0.023897063,145.7480127,29.8375066,13,PAVO
196682747.8,0.049760707,0.019830863,145.7480127,29.8375066,13,PAVO
198466956.3,0.039892658,0.019088967,145.7480127,29.8375066,13,PAVO
200283832.1,0.039539486,0.01436989,145.7480127,29.8375066,13,PAVO
202134280.5,0.034271904,0.01421894,145.7480127,29.8375066,13,PAVO
204019240.9,0.037839659,0.015799682,145.7480127,29.8375066,13,PAVO
205968199.5,0.022952753,0.014201482,145.7480127,29.8375066,13,PAVO
207809513.2,0.034384316,0.01512536,145.7480127,29.8375066,13,PAVO
209684045.8,0.037395407,0.015253225,145.7480127,29.8375066,13,PAVO
211472395.8,0.012636101,0.009723767,145.7480127,29.8375066,13,PAVO
213230371.9,0.02216012,0.011447569,145.7480127,29.8375066,13,PAVO
215048902.1,0.013639853,0.010444086,145.7480127,29.8375066,13,PAVO
216867099.8,0.037136264,0.014519281,145.7480127,29.8375066,13,PAVO
218652014.2,0.029620659,0.01451796,145.7480127,29.8375066,13,PAVO
220401230.3,0.016780633,0.01538174,145.7480127,29.8375066,13,PAVO
222145483.8,0.018098218,0.014594751,145.7480127,29.8375066,13,PAVO
223951272.7,0.016517138,0.013259908,145.7480127,29.8375066,13,PAVO
225752398.3,0.01944889,0.012847461,145.7480127,29.8375066,13,PAVO
227617549.7,0.010222686,0.012521643,145.7480127,29.8375066,13,PAVO
167866762.6,0.112722268,0.014175044,131.2518041,-22.71145689,14,PAVO
169533252,0.10713008,0.011008625,131.2518041,-22.71145689,14,PAVO
171233161.2,0.105306288,0.012680151,131.2518041,-22.71145689,14,PAVO
172855276.5,0.108587657,0.012793255,131.2518041,-22.71145689,14,PAVO
174508418.8,0.098684333,0.01211108,131.2518041,-22.71145689,14,PAVO
176100312.1,0.101229462,0.013070624,131.2518041,-22.71145689,14,PAVO
177697807,0.094704814,0.014727883,131.2518041,-22.71145689,14,PAVO
179324550.5,0.083860132,0.014327082,131.2518041,-22.71145689,14,PAVO
180981353.4,0.084691648,0.013796918,131.2518041,-22.71145689,14,PAVO
182669056.6,0.07860558,0.012987248,131.2518041,-22.71145689,14,PAVO
184414060.8,0.072750886,0.012352587,131.2518041,-22.71145689,14,PAVO
186062684.9,0.071332947,0.012324082,131.2518041,-22.71145689,14,PAVO
187741051.6,0.068866394,0.011174019,131.2518041,-22.71145689,14,PAVO
189342254.6,0.051546953,0.009818838,131.2518041,-22.71145689,14,PAVO
190916262.1,0.05120736,0.009189088,131.2518041,-22.71145689,14,PAVO
192544487,0.0486701,0.00865554,131.2518041,-22.71145689,14,PAVO
194172414.1,0.051818814,0.00968113,131.2518041,-22.71145689,14,PAVO
195770541,0.045491122,0.009369003,131.2518041,-22.71145689,14,PAVO
197336705.3,0.045417598,0.00948324,131.2518041,-22.71145689,14,PAVO
198898426.3,0.04223841,0.009606439,131.2518041,-22.71145689,14,PAVO
200515243.3,0.040534169,0.010817738,131.2518041,-22.71145689,14,PAVO
202127884.8,0.047385828,0.010602569,131.2518041,-22.71145689,14,PAVO
203797852,0.043581865,0.01178186,131.2518041,-22.71145689,14,PAVO
171085113.8,0.088929166,0.008865199,134.8076185,-16.01898247,15,PAVO
172783553.3,0.09020253,0.008555985,134.8076185,-16.01898247,15,PAVO
174516053.2,0.072737032,0.007251081,134.8076185,-16.01898247,15,PAVO
176169267.9,0.073195409,0.006965345,134.8076185,-16.01898247,15,PAVO
177854104.3,0.070199727,0.007254076,134.8076185,-16.01898247,15,PAVO
179476517.5,0.061462809,0.00704609,134.8076185,-16.01898247,15,PAVO
181104639.6,0.062695357,0.006525876,134.8076185,-16.01898247,15,PAVO
182762571.1,0.044479815,0.005880445,134.8076185,-16.01898247,15,PAVO
184451138.3,0.049825407,0.006329102,134.8076185,-16.01898247,15,PAVO
186171198.3,0.045681328,0.006089664,134.8076185,-16.01898247,15,PAVO
187949657.8,0.051872467,0.006272428,134.8076185,-16.01898247,15,PAVO
189629889.4,0.041363084,0.005587898,134.8076185,-16.01898247,15,PAVO
191340433.8,0.039418872,0.005532669,134.8076185,-16.01898247,15,PAVO
192972335.2,0.032117194,0.005332492,134.8076185,-16.01898247,15,PAVO
194576519.7,0.036464684,0.005225678,134.8076185,-16.01898247,15,PAVO
196235961,0.032931418,0.005073344,134.8076185,-16.01898247,15,PAVO
197895098.9,0.032859244,0.005818827,134.8076185,-16.01898247,15,PAVO
199523865.1,0.032023177,0.005816394,134.8076185,-16.01898247,15,PAVO
201120056,0.022056443,0.006109657,134.8076185,-16.01898247,15,PAVO
202711718.4,0.033885267,0.007036562,134.8076185,-16.01898247,15,PAVO
204359533.1,0.031683971,0.007182054,134.8076185,-16.01898247,15,PAVO
206003092.3,0.02026082,0.007301424,134.8076185,-16.01898247,15,PAVO
207705076.2,0.021529248,0.00783674,134.8076185,-16.01898247,15,PAVO
175138399.9,0.07263921,0.008628513,138.8050697,-6.816043818,16,PAVO
176877078.2,0.080992618,0.007015623,138.8050697,-6.816043818,16,PAVO
178650623.9,0.075777249,0.007452896,138.8050697,-6.816043818,16,PAVO
180343005.9,0.073069976,0.007793084,138.8050697,-6.816043818,16,PAVO
182067758.8,0.066155469,0.00742013,138.8050697,-6.816043818,16,PAVO
183728609.6,0.063345184,0.007281235,138.8050697,-6.816043818,16,PAVO
185395304.6,0.048423698,0.006949533,138.8050697,-6.816043818,16,PAVO
187092515.2,0.050091126,0.006895643,138.8050697,-6.816043818,16,PAVO
188821087.4,0.052850362,0.006840157,138.8050697,-6.816043818,16,PAVO
190581898.4,0.047246217,0.00688742,138.8050697,-6.816043818,16,PAVO
192402492.5,0.041434679,0.007886025,138.8050697,-6.816043818,16,PAVO
194122531.5,0.038603802,0.006573343,138.8050697,-6.816043818,16,PAVO
195873601.6,0.035256415,0.006174965,138.8050697,-6.816043818,16,PAVO
197544165.3,0.041634893,0.006014647,138.8050697,-6.816043818,16,PAVO
199186355.6,0.036540921,0.00571949,138.8050697,-6.816043818,16,PAVO
200885111.8,0.031369968,0.005692846,138.8050697,-6.816043818,16,PAVO
202583557.3,0.03140608,0.005742602,138.8050697,-6.816043818,16,PAVO
204250911.7,0.028771717,0.005553747,138.8050697,-6.816043818,16,PAVO
205884919,0.014827691,0.006294623,138.8050697,-6.816043818,16,PAVO
207514290.5,0.019510397,0.006863543,138.8050697,-6.816043818,16,PAVO
209201144.5,0.016097899,0.006664424,138.8050697,-6.816043818,16,PAVO
210883642.4,0.032914529,0.006938315,138.8050697,-6.816043818,16,PAVO
212625949.1,0.022384799,0.007390471,138.8050697,-6.816043818,16,PAVO
177647933.6,0.070328848,0.008532254,140.9623838,-0.594005953,17,PAVO
179411525.2,0.068980829,0.008611978,140.9623838,-0.594005953,17,PAVO
181210483.8,0.063557409,0.008206578,140.9623838,-0.594005953,17,PAVO
182927115.7,0.065753766,0.007546488,140.9623838,-0.594005953,17,PAVO
184676582.4,0.0617109,0.007849057,140.9623838,-0.594005953,17,PAVO
186361231.3,0.061939903,0.008227317,140.9623838,-0.594005953,17,PAVO
188051808.1,0.053937117,0.007543215,140.9623838,-0.594005953,17,PAVO
189773337.8,0.051782564,0.007370703,140.9623838,-0.594005953,17,PAVO
191526678.5,0.047628218,0.007108842,140.9623838,-0.594005953,17,PAVO
193312719.9,0.037749726,0.007156627,140.9623838,-0.594005953,17,PAVO
195159401,0.031743733,0.007301629,140.9623838,-0.594005953,17,PAVO
196904086.2,0.035858347,0.00675599,140.9623838,-0.594005953,17,PAVO
198680247.1,0.040045949,0.006782732,140.9623838,-0.594005953,17,PAVO
200374748.2,0.039407787,0.005693422,140.9623838,-0.594005953,17,PAVO
202040469.2,0.031111791,0.005668283,140.9623838,-0.594005953,17,PAVO
203763566.6,0.028961864,0.005979677,140.9623838,-0.594005953,17,PAVO
205486348.9,0.02932544,0.005865608,140.9623838,-0.594005953,17,PAVO
207177594.6,0.023702303,0.006191695,140.9623838,-0.594005953,17,PAVO
208835015.3,0.025626898,0.006658125,140.9623838,-0.594005953,17,PAVO
210487733.8,0.026726923,0.006475154,140.9623838,-0.594005953,17,PAVO
212198758.6,0.031166629,0.006889571,140.9623838,-0.594005953,17,PAVO
213905364.7,0.027612564,0.007306101,140.9623838,-0.594005953,17,PAVO
215672636.7,0.021236264,0.007182799,140.9623838,-0.594005953,17,PAVO
